Channel ID,Channel URL,Channel title
UC-9b7aDP6ZN0coj9-xFnrtw,http://www.youtube.com/channel/UC-9b7aDP6ZN0coj9-xFnrtw,Astrum
UC-RKpEc4eE9PwJaupN91xYQ,http://www.youtube.com/channel/UC-RKpEc4eE9PwJaupN91xYQ,Sprouts
UC00VoVV2GIaV1p3o9Gq-7bQ,http://www.youtube.com/channel/UC00VoVV2GIaV1p3o9Gq-7bQ,Kahon
UC00l6atcRijEUpejkipOBsA,http://www.youtube.com/channel/UC00l6atcRijEUpejkipOBsA,bigyan - বিজ্ঞান
UC0UqslUS-xo3i5K67MT40cw,http://www.youtube.com/channel/UC0UqslUS-xo3i5K67MT40cw,Business Inspection BD
UC0p5jTq6Xx_DosDFxVXnWaQ,http://www.youtube.com/channel/UC0p5jTq6Xx_DosDFxVXnWaQ,The Economist
UC16niRr50-MSBwiO3YDb3RA,http://www.youtube.com/channel/UC16niRr50-MSBwiO3YDb3RA,BBC News
UC1D3yD4wlPMico0dss264XA,http://www.youtube.com/channel/UC1D3yD4wlPMico0dss264XA,NileBlue
UC1VLQPn9cYSqx8plbk9RxxQ,http://www.youtube.com/channel/UC1VLQPn9cYSqx8plbk9RxxQ,The Action Lab
UC1ZBQ-F-yktYD4m5AzM6pww,http://www.youtube.com/channel/UC1ZBQ-F-yktYD4m5AzM6pww,Mustard
UC1i-BQ8HHnZCQFlZS06ZwPQ,http://www.youtube.com/channel/UC1i-BQ8HHnZCQFlZS06ZwPQ,ইতিহাসের গল্প - Itihaser Golpo
UC1raaXFgsFBSFR8qNgchF2g,http://www.youtube.com/channel/UC1raaXFgsFBSFR8qNgchF2g,Geodiode
UC1zNGfCg9yLnhjVW1vDhNmA,http://www.youtube.com/channel/UC1zNGfCg9yLnhjVW1vDhNmA,Sorwar Alam
UC2ObyKO-GV-W0smZqBN_VWw,http://www.youtube.com/channel/UC2ObyKO-GV-W0smZqBN_VWw,Waterlust
UC3MBWAo7P6nb_1If0qoZwhQ,http://www.youtube.com/channel/UC3MBWAo7P6nb_1If0qoZwhQ,GOWILD
UC3MJVwoumJMTqCe9IaEhtiw,http://www.youtube.com/channel/UC3MJVwoumJMTqCe9IaEhtiw,World at War
UC4QZ_LsYcvcq7qOsOhpAX4A,http://www.youtube.com/channel/UC4QZ_LsYcvcq7qOsOhpAX4A,ColdFusion
UC4SUWizzKc1tptprBkWjX2Q,http://www.youtube.com/channel/UC4SUWizzKc1tptprBkWjX2Q,South China Morning Post
UC4XyS8FNTjHdfIrU7qIkTRw,http://www.youtube.com/channel/UC4XyS8FNTjHdfIrU7qIkTRw,Vale of Tales
UC4Yctcn-vyGjB_gLGFovsxA,http://www.youtube.com/channel/UC4Yctcn-vyGjB_gLGFovsxA,Jotangko Brand
UC4jHfw4LOnSdKNTgZqOeIzQ,http://www.youtube.com/channel/UC4jHfw4LOnSdKNTgZqOeIzQ,Deadliest Roads
UC4s4I_0RxKMgp-HKRVagRnw,http://www.youtube.com/channel/UC4s4I_0RxKMgp-HKRVagRnw,Nick Keomahavong
UC52X5wxOL_s5yw0dQk7NtgA,http://www.youtube.com/channel/UC52X5wxOL_s5yw0dQk7NtgA,Associated Press
UC57BsWaoAYcOgjdA4ax-1Vg,http://www.youtube.com/channel/UC57BsWaoAYcOgjdA4ax-1Vg,StoryHead
UC5Axef4J11DIu17y2RKVqNQ,http://www.youtube.com/channel/UC5Axef4J11DIu17y2RKVqNQ,The Present Past
UC5Kf6iWcqdx3W1kT65_-Tmg,http://www.youtube.com/channel/UC5Kf6iWcqdx3W1kT65_-Tmg,The Sleepy Scientist 
UC5TDeHHF8Igk75B-V_KqFxg,http://www.youtube.com/channel/UC5TDeHHF8Igk75B-V_KqFxg,LawTubeBD
UC5kibYfJ8VDaBOhM29gCI2A,http://www.youtube.com/channel/UC5kibYfJ8VDaBOhM29gCI2A,I'm TahseeNation
UC68KSmHePPePCjW4v57VPQg,http://www.youtube.com/channel/UC68KSmHePPePCjW4v57VPQg,Python Programmer
UC6CnQFvASTtCVs9Pv0UhtBg,http://www.youtube.com/channel/UC6CnQFvASTtCVs9Pv0UhtBg,Sahitya Samahar
UC6QFT2c2MJxID-vxHDeX9XQ,http://www.youtube.com/channel/UC6QFT2c2MJxID-vxHDeX9XQ,Planet Wild
UC6n8I1UDTKP1IWjQMg6_TwA,http://www.youtube.com/channel/UC6n8I1UDTKP1IWjQMg6_TwA,The B1M
UC6nSFpj9HTCZ5t-N3Rm3-HA,http://www.youtube.com/channel/UC6nSFpj9HTCZ5t-N3Rm3-HA,Vsauce
UC7Ad-Yg5cwbH5zN30sBEECw,http://www.youtube.com/channel/UC7Ad-Yg5cwbH5zN30sBEECw,Eso Golpo Kori Prime | Bengali Classics Stories
UC7KItIAhUn1K1uXDGvM3TKg,http://www.youtube.com/channel/UC7KItIAhUn1K1uXDGvM3TKg,Tim - Reborn History 
UC7KbIaEOuY7H2j-cvhJ3mYA,http://www.youtube.com/channel/UC7KbIaEOuY7H2j-cvhJ3mYA,Search Party
UC7_gcs09iThXybpVgjHZ_7g,http://www.youtube.com/channel/UC7_gcs09iThXybpVgjHZ_7g,PBS Space Time
UC7dbXwuOYfAeb-ni42L6UgQ,http://www.youtube.com/channel/UC7dbXwuOYfAeb-ni42L6UgQ,PPC Finding Studio
UC7fWeaHhqgM4Ry-RMpM2YYw,http://www.youtube.com/channel/UC7fWeaHhqgM4Ry-RMpM2YYw,TRT World
UC82lQ1ns-PfZLeSa7kpGuQg,http://www.youtube.com/channel/UC82lQ1ns-PfZLeSa7kpGuQg,Spds
UC86dbj-lbDks_hZ5gRKL49Q,http://www.youtube.com/channel/UC86dbj-lbDks_hZ5gRKL49Q,AFP News Agency
UC8JT2m0mKEgvEtie3JNKwew,http://www.youtube.com/channel/UC8JT2m0mKEgvEtie3JNKwew,Naked Science
UC9oLvlUBxIKkd2nNLyjmmew,http://www.youtube.com/channel/UC9oLvlUBxIKkd2nNLyjmmew,Al-Monitor
UCA7t2KNolCy9F-COERzxzPA,http://www.youtube.com/channel/UCA7t2KNolCy9F-COERzxzPA,MHS 2.0
UCAq16BuSdaiyhC6wwvUSmYQ,http://www.youtube.com/channel/UCAq16BuSdaiyhC6wwvUSmYQ,EBS WORLD
UCAuUUnT6oDeKwE6v1NGQxug,http://www.youtube.com/channel/UCAuUUnT6oDeKwE6v1NGQxug,TED
UCBFQDmrRK3gNhi0cFZv1uFw,http://www.youtube.com/channel/UCBFQDmrRK3gNhi0cFZv1uFw,Epics of Glory
UCBWJEa2VHKB3PXHYMpgOj1Q,http://www.youtube.com/channel/UCBWJEa2VHKB3PXHYMpgOj1Q,Beautiful World - Documentaries
UCBa659QWEk1AI4Tg--mrJ2A,http://www.youtube.com/channel/UCBa659QWEk1AI4Tg--mrJ2A,Tom Scott
UCBi2mrWuNuyYy4gbM6fU18Q,http://www.youtube.com/channel/UCBi2mrWuNuyYy4gbM6fU18Q,ABC News
UCBovNpFWv8XT3WNG1fnmgyA,http://www.youtube.com/channel/UCBovNpFWv8XT3WNG1fnmgyA,ঠিকানায় খালেদ মুহিউদ্দীন
UCBtTKf5VlXj8wAKMhkntFvA,http://www.youtube.com/channel/UCBtTKf5VlXj8wAKMhkntFvA,itilipi 
UCCAiIjCF3p982t0K5qU_B4g,http://www.youtube.com/channel/UCCAiIjCF3p982t0K5qU_B4g,Safe By Design
UCCInRC_-mCbDo0XvLArVV3Q,http://www.youtube.com/channel/UCCInRC_-mCbDo0XvLArVV3Q,Foreign Affairs
UCCNeGy9esznQIlrVxjBv5YA,http://www.youtube.com/channel/UCCNeGy9esznQIlrVxjBv5YA,Nrisingha Prasad Bhaduri
UCCjyq_K1Xwfg8Lndy7lKMpA,http://www.youtube.com/channel/UCCjyq_K1Xwfg8Lndy7lKMpA,TechCrunch
UCCsREoj8rSRkEvxWqxr74rQ,http://www.youtube.com/channel/UCCsREoj8rSRkEvxWqxr74rQ,Cybernews
UCD_zO_MDaC7MyekAmrn6WVQ,http://www.youtube.com/channel/UCD_zO_MDaC7MyekAmrn6WVQ,Astrum Extra
UCENvPaoLIVhIvCUuzSABG2w,http://www.youtube.com/channel/UCENvPaoLIVhIvCUuzSABG2w,Psyche Talk (Naziur Rahman Nayem)
UCETUe8VnXn1VieGQga8PjMg,http://www.youtube.com/channel/UCETUe8VnXn1VieGQga8PjMg,ট্রাইব ও এডভেঞ্চার -TOA
UCEszqJb1FjYisBevHBIof3g,http://www.youtube.com/channel/UCEszqJb1FjYisBevHBIof3g,Prof James Ker-Lindsay
UCFXad0mx4WxY1fXdbvtg0CQ,http://www.youtube.com/channel/UCFXad0mx4WxY1fXdbvtg0CQ,Fascinating Horror
UCFdTgUEt2-UCVzPwQ8v9jFg,http://www.youtube.com/channel/UCFdTgUEt2-UCVzPwQ8v9jFg,Brain Station
UCFhXFikryT4aFcLkLw2LBLA,http://www.youtube.com/channel/UCFhXFikryT4aFcLkLw2LBLA,NileRed
UCG2bhoFKZJqFNTKpt_qzHuA,http://www.youtube.com/channel/UCG2bhoFKZJqFNTKpt_qzHuA,VICE Forever
UCG5_BraUMNcluZPZ__oOeKg,http://www.youtube.com/channel/UCG5_BraUMNcluZPZ__oOeKg,Natural World Facts
UCGDXj3vSgJ8MCbzbb_C9thA,http://www.youtube.com/channel/UCGDXj3vSgJ8MCbzbb_C9thA,SLICE Full Doc
UCG_rdpyKuxsGIVoHpSWWuyA,http://www.youtube.com/channel/UCG_rdpyKuxsGIVoHpSWWuyA,Zahed's Take
UCGsYPmqG_KHvLKS8atGa8rw,http://www.youtube.com/channel/UCGsYPmqG_KHvLKS8atGa8rw,Studio36
UCHJuQZuzapBh-CuhRYxIZrg,http://www.youtube.com/channel/UCHJuQZuzapBh-CuhRYxIZrg,Insider
UCHMh-RNVGLBoxJEOzjfP_jQ,http://www.youtube.com/channel/UCHMh-RNVGLBoxJEOzjfP_jQ,Dark Tales by 9F10
UCHnj59g7jezwTy5GeL8EA_g,http://www.youtube.com/channel/UCHnj59g7jezwTy5GeL8EA_g,MindYourDecisions
UCHnyfMqiRRG1u-2MsSQLbXA,http://www.youtube.com/channel/UCHnyfMqiRRG1u-2MsSQLbXA,Veritasium
UCHpw8xwDNhU9gdohEcJu4aA,http://www.youtube.com/channel/UCHpw8xwDNhU9gdohEcJu4aA,The Guardian
UCIB65_E_7XEScU2NB135wDw,http://www.youtube.com/channel/UCIB65_E_7XEScU2NB135wDw,Coke Studio Bangla
UCIB_MLJZL0T_s5OUuqhmbVA,http://www.youtube.com/channel/UCIB_MLJZL0T_s5OUuqhmbVA,Down To Earth
UCIIkOzwZIdLfHa4Q13dQrkw,http://www.youtube.com/channel/UCIIkOzwZIdLfHa4Q13dQrkw,DW বাংলা
UCIRYBXDze5krPDzAEOxFGVA,http://www.youtube.com/channel/UCIRYBXDze5krPDzAEOxFGVA,Guardian News
UCIXugjH-g5bFUqLoYRgiSbg,http://www.youtube.com/channel/UCIXugjH-g5bFUqLoYRgiSbg,Somoy International
UCJ0-OtVpF0wOKEqT2Z1HEtA,http://www.youtube.com/channel/UCJ0-OtVpF0wOKEqT2Z1HEtA,ElectroBOOM
UCJ18eJW_YVG-vuzup_eSJXg,http://www.youtube.com/channel/UCJ18eJW_YVG-vuzup_eSJXg,Freaky Friday Stories
UCJJBtUqjm-QjJ7Cvtz0yqbQ,http://www.youtube.com/channel/UCJJBtUqjm-QjJ7Cvtz0yqbQ,2 Cents Podcast 
UCJX8Wn6opMsBng3QWh0dK6g,http://www.youtube.com/channel/UCJX8Wn6opMsBng3QWh0dK6g,Middle East Monitor
UCJaclFdFWXuiVGj9T-J2rWg,http://www.youtube.com/channel/UCJaclFdFWXuiVGj9T-J2rWg,Counternarrative
UCJlIxc24DIN2JKHDpyn7UbQ,http://www.youtube.com/channel/UCJlIxc24DIN2JKHDpyn7UbQ,Psychatic
UCJrbovZBFxomOrTtAS6i-gQ,http://www.youtube.com/channel/UCJrbovZBFxomOrTtAS6i-gQ,PolitiScope
UCJvXIbdkzLzLNQNaTL6EgbQ,http://www.youtube.com/channel/UCJvXIbdkzLzLNQNaTL6EgbQ,কথা হোক অহেতুক - Kotha Hok Ohetuk
UCK7tptUDHh-RYDsdxO1-5QQ,http://www.youtube.com/channel/UCK7tptUDHh-RYDsdxO1-5QQ,The Wall Street Journal
UCKIwJ734FQFP2nWBxvNx_YQ,http://www.youtube.com/channel/UCKIwJ734FQFP2nWBxvNx_YQ,Urban Atlas
UCKSJ5rTXq-pYgAmAOhVS_zQ,http://www.youtube.com/channel/UCKSJ5rTXq-pYgAmAOhVS_zQ,The Daily Star
UCKWaEZ-_VweaEx1j62do_vQ,http://www.youtube.com/channel/UCKWaEZ-_VweaEx1j62do_vQ,IBM Technology
UCKZETSgRhoXqclRujC9DZHA,http://www.youtube.com/channel/UCKZETSgRhoXqclRujC9DZHA,Jomjomat Historia
UCKZozRVHRYsYHGEyNKuhhdA,http://www.youtube.com/channel/UCKZozRVHRYsYHGEyNKuhhdA,Think School
UCKhxpRmt3DXVKtObMDLZyvg,http://www.youtube.com/channel/UCKhxpRmt3DXVKtObMDLZyvg,VOICE OF DHAKA
UCKjyzU_ElNwSXr4b0UzUjdw,http://www.youtube.com/channel/UCKjyzU_ElNwSXr4b0UzUjdw,Philipp Humm
UCL3mqmVRwHyaYc0RrwjmC-A,http://www.youtube.com/channel/UCL3mqmVRwHyaYc0RrwjmC-A,Digital Astronaut
UCLKPca3kwwd-B59HNr-_lvA,http://www.youtube.com/channel/UCLKPca3kwwd-B59HNr-_lvA,AI Engineer
UCLXo7UDZvByw2ixzpQCufnA,http://www.youtube.com/channel/UCLXo7UDZvByw2ixzpQCufnA,Vox
UCMOqf8ab-42UUQIdVoKwjlQ,http://www.youtube.com/channel/UCMOqf8ab-42UUQIdVoKwjlQ,Practical Engineering
UCMbBpp1RMj6ZDhRmsaqoDCA,http://www.youtube.com/channel/UCMbBpp1RMj6ZDhRmsaqoDCA,The Politician
UCMfWP1YDH8QSwWH0FLDLDaw,http://www.youtube.com/channel/UCMfWP1YDH8QSwWH0FLDLDaw,Think Bangla | থিংক বাংলা
UCNEdT_zYezCWd61vlP7lWyw,http://www.youtube.com/channel/UCNEdT_zYezCWd61vlP7lWyw,Public Investigation
UCNXvmGafmrtJ7VPSqjRRbwg,http://www.youtube.com/channel/UCNXvmGafmrtJ7VPSqjRRbwg,Scary Interesting
UCNye-wNBqNL5ZzHSJj3l8Bg,http://www.youtube.com/channel/UCNye-wNBqNL5ZzHSJj3l8Bg,Al Jazeera English
UCO9WUG_N_cbjUVjuFtze8Bw,http://www.youtube.com/channel/UCO9WUG_N_cbjUVjuFtze8Bw,Voice of Faiz
UCOM1gIM4Q_-OniEdhUvHEkA,http://www.youtube.com/channel/UCOM1gIM4Q_-OniEdhUvHEkA,Mr. Science
UCOYO3aGLstUQQEGsy8PHU-g,http://www.youtube.com/channel/UCOYO3aGLstUQQEGsy8PHU-g,Bongo Dramas
UCOnMveoOrmDiwA6X-6xmQjw,http://www.youtube.com/channel/UCOnMveoOrmDiwA6X-6xmQjw,Romancho Pedia by Mithun
UCP5tjEmvPItGyLhmjdwP7Ww,http://www.youtube.com/channel/UCP5tjEmvPItGyLhmjdwP7Ww,RealLifeLore
UCP7jMXSY2xbc3KCAE0MHQ-A,http://www.youtube.com/channel/UCP7jMXSY2xbc3KCAE0MHQ-A,Google DeepMind
UCPRHYj5c3ekVhDnYg7Hs-XQ,http://www.youtube.com/channel/UCPRHYj5c3ekVhDnYg7Hs-XQ,The Daily Navy
UCPdA3AvoSH-d96mLaEjhZyw,http://www.youtube.com/channel/UCPdA3AvoSH-d96mLaEjhZyw,To Scale:
UCQCrKxBj5Id79syQEsY2Qxg,http://www.youtube.com/channel/UCQCrKxBj5Id79syQEsY2Qxg,Simon Wilson
UCQbz7KXOdCR_cwDghbd2Xcw,http://www.youtube.com/channel/UCQbz7KXOdCR_cwDghbd2Xcw,Adv. Abu Hena Razzaki
UCQfwfsi5VrQ8yKZ-UWmAEFg,http://www.youtube.com/channel/UCQfwfsi5VrQ8yKZ-UWmAEFg,FRANCE 24 English
UCR0fZh5SBxxMNYdg0VzRFkg,http://www.youtube.com/channel/UCR0fZh5SBxxMNYdg0VzRFkg,Middle East Eye
UCR1IuLEqb6UEA_zQ81kwXfg,http://www.youtube.com/channel/UCR1IuLEqb6UEA_zQ81kwXfg,Real Engineering
UCRlICXvO4XR4HMeEB9JjDlA,http://www.youtube.com/channel/UCRlICXvO4XR4HMeEB9JjDlA,Thoughty2
UCRorOml5erbG8j_uqh8Sx6g,http://www.youtube.com/channel/UCRorOml5erbG8j_uqh8Sx6g,The Press
UCRrcUcQM8Bm-G8iIsEPBTXQ,http://www.youtube.com/channel/UCRrcUcQM8Bm-G8iIsEPBTXQ,insolitum.
UCRtAu8OVYVfuNZmTV-Ug0zA,http://www.youtube.com/channel/UCRtAu8OVYVfuNZmTV-Ug0zA,Buddhism
UCRu_o1djmSC8HyFaPJYLzbw,http://www.youtube.com/channel/UCRu_o1djmSC8HyFaPJYLzbw,Soul Connection BoiThek
UCSFqE8fdgZysdG_jJyvP0Mw,http://www.youtube.com/channel/UCSFqE8fdgZysdG_jJyvP0Mw,GP Community
UCSTAsRH85wPdUHYeBNDaf7A,http://www.youtube.com/channel/UCSTAsRH85wPdUHYeBNDaf7A,Zoufry
UCSXGXP3Xu2brpglJTK291JQ,http://www.youtube.com/channel/UCSXGXP3Xu2brpglJTK291JQ,MIDNIGHT FANTASY
UCU9r7-AItPxbhh-NbZ4Zoiw,http://www.youtube.com/channel/UCU9r7-AItPxbhh-NbZ4Zoiw,DaakBangla
UCUI9vm69ZbAqRK3q3vKLWCQ,http://www.youtube.com/channel/UCUI9vm69ZbAqRK3q3vKLWCQ,Mint
UCUMZ7gohGI9HcU9VNsr2FJQ,http://www.youtube.com/channel/UCUMZ7gohGI9HcU9VNsr2FJQ,Bloomberg Originals
UCUNEzmQ3zcifrhn0HwCgjYg,http://www.youtube.com/channel/UCUNEzmQ3zcifrhn0HwCgjYg,The Business Standard
UCUxZ5CntCF1fmDsC0q91zRA,http://www.youtube.com/channel/UCUxZ5CntCF1fmDsC0q91zRA,Eso Golpo Kori
UCV3Nm3T-XAgVhKH9jT0ViRg,http://www.youtube.com/channel/UCV3Nm3T-XAgVhKH9jT0ViRg,AJ+
UCV4OPjf5gBI-O_AgliMX6pw,http://www.youtube.com/channel/UCV4OPjf5gBI-O_AgliMX6pw,Nazar
UCVDHEBOHttEnHHugMCZNwOg,http://www.youtube.com/channel/UCVDHEBOHttEnHHugMCZNwOg,Andraz Egart
UCVR_nCjS0FVJJLziwhVB9nw,http://www.youtube.com/channel/UCVR_nCjS0FVJJLziwhVB9nw,SATV English
UCVVTthHLGBuNeKf5z6jGV2A,http://www.youtube.com/channel/UCVVTthHLGBuNeKf5z6jGV2A,Blackfiles
UCW39zufHfsuGgpLviKh297Q,http://www.youtube.com/channel/UCW39zufHfsuGgpLviKh297Q,DW Documentary
UCWBtLCE-BnzZx3DneqDiXWQ,http://www.youtube.com/channel/UCWBtLCE-BnzZx3DneqDiXWQ,Astrum Earth
UCWFKCr40YwOZQx8FHU_ZqqQ,http://www.youtube.com/channel/UCWFKCr40YwOZQx8FHU_ZqqQ,JerryRigEverything
UCWo4IA01TXzBeGJJKWHOG9g,http://www.youtube.com/channel/UCWo4IA01TXzBeGJJKWHOG9g,Harvard Business Review
UCWpk9PSGHoJW1hZT4egxTNQ,http://www.youtube.com/channel/UCWpk9PSGHoJW1hZT4egxTNQ,Ruhi Cenet Documentaries
UCXIJgqnII2ZOINSWNOGFThA,http://www.youtube.com/channel/UCXIJgqnII2ZOINSWNOGFThA,Fox News
UCXMVThIBmj5yADJ54P0j_ag,http://www.youtube.com/channel/UCXMVThIBmj5yADJ54P0j_ag,Star News International
UCXgNowiGxwwnLeQ7DXTwXPg,http://www.youtube.com/channel/UCXgNowiGxwwnLeQ7DXTwXPg,The Science Asylum
UCXphOxUppSxy8rkX6BtsyjA,http://www.youtube.com/channel/UCXphOxUppSxy8rkX6BtsyjA,RAISED
UCXryOLo-ZXWi3mSVRhFifYw,http://www.youtube.com/channel/UCXryOLo-ZXWi3mSVRhFifYw,সহজ জীবন
UCXw7piw3c-fTlXiNBnD9aEA,http://www.youtube.com/channel/UCXw7piw3c-fTlXiNBnD9aEA,জ্ঞানচিত্র
UCYO_jab_esuFRV4b17AJtAw,http://www.youtube.com/channel/UCYO_jab_esuFRV4b17AJtAw,3Blue1Brown
UCZ-eeS9oxAF9vtpXi0pkAUA,http://www.youtube.com/channel/UCZ-eeS9oxAF9vtpXi0pkAUA,The Bengal Chronicle
UCZ4jB-tLmk48D2YQvfFz45A,http://www.youtube.com/channel/UCZ4jB-tLmk48D2YQvfFz45A,ADYOPANTO
UCZYTClx2T1of7BRZ86-8fow,http://www.youtube.com/channel/UCZYTClx2T1of7BRZ86-8fow,SciShow
UC_Se32jLBjnOuftl1u3zfLw,http://www.youtube.com/channel/UC_Se32jLBjnOuftl1u3zfLw,Fluctus
UC_gUM8rL-Lrg6O3adPW9K1g,http://www.youtube.com/channel/UC_gUM8rL-Lrg6O3adPW9K1g,WION
UC_hukbByJP7OZ3Xm2tszacQ,http://www.youtube.com/channel/UC_hukbByJP7OZ3Xm2tszacQ,Jeffrey Kaplan
UC_iUeUzozCHEReJ-shKcCYA,http://www.youtube.com/channel/UC_iUeUzozCHEReJ-shKcCYA,Internet Anarchist
UCa6vGFO9ty8v5KZJXQxdhaw,http://www.youtube.com/channel/UCa6vGFO9ty8v5KZJXQxdhaw,Jimmy Kimmel Live
UCacyjzI1Kjtr-u7-aaF1x7A,http://www.youtube.com/channel/UCacyjzI1Kjtr-u7-aaF1x7A,MHS (Golden Story)
UCaiRK8HOPpj3v-WuUsAFUZg,http://www.youtube.com/channel/UCaiRK8HOPpj3v-WuUsAFUZg,World Tour
UCaqulpYbNFAr-BzezBLgTJA,http://www.youtube.com/channel/UCaqulpYbNFAr-BzezBLgTJA,Lastly
UCb7fZdCnbt3AqnjgoNyT6UQ,http://www.youtube.com/channel/UCb7fZdCnbt3AqnjgoNyT6UQ,Space Matters
UCbf1YJaSqs1kWbGTxDvPF5w,http://www.youtube.com/channel/UCbf1YJaSqs1kWbGTxDvPF5w,Montobbo
UCblfuW_4rakIf2h6aqANefA,http://www.youtube.com/channel/UCblfuW_4rakIf2h6aqANefA,Red Bull
UCbxHHMNA-oe9PCv2aWG5U2Q,http://www.youtube.com/channel/UCbxHHMNA-oe9PCv2aWG5U2Q,তথ্যপিডিয়া
UCc2-xT3ub5IhGoYae8-GjWA,http://www.youtube.com/channel/UCc2-xT3ub5IhGoYae8-GjWA,Dark Science
UCcAVvTTQHgyPAcjpJoXdBdw,http://www.youtube.com/channel/UCcAVvTTQHgyPAcjpJoXdBdw,MSI KHAN
UCcOTVI8YJJud1A6aRYrV4sg,http://www.youtube.com/channel/UCcOTVI8YJJud1A6aRYrV4sg,Aidin Robbins
UCccHjrZ3Db_471nivPDiICQ,http://www.youtube.com/channel/UCccHjrZ3Db_471nivPDiICQ,Dhaka Stream
UCckHqySbfy5FcPP6MD_S-Yg,http://www.youtube.com/channel/UCckHqySbfy5FcPP6MD_S-Yg,Times Of India
UCct9aR7HC79Cv2g-9oDOTLw,http://www.youtube.com/channel/UCct9aR7HC79Cv2g-9oDOTLw,ReligionForBreakfast
UCcxQHI0pPuOQWLaTJJZoBIQ,http://www.youtube.com/channel/UCcxQHI0pPuOQWLaTJJZoBIQ,ReYOUniverse
UCcyq283he07B7_KUX07mmtA,http://www.youtube.com/channel/UCcyq283he07B7_KUX07mmtA,Business Insider
UCczAxLCL79gHXKYaEc9k-ZQ,http://www.youtube.com/channel/UCczAxLCL79gHXKYaEc9k-ZQ,IMPERIAL
UCd6vEDS3SOhWbXZrxbrf_bw,http://www.youtube.com/channel/UCd6vEDS3SOhWbXZrxbrf_bw,SAMTIME
UCdPlmWCtoAs_4QsgY3OsK2w,http://www.youtube.com/channel/UCdPlmWCtoAs_4QsgY3OsK2w,Independent World
UCdsOTr6SmDrxuWE7sJFrkhQ,http://www.youtube.com/channel/UCdsOTr6SmDrxuWE7sJFrkhQ,BBC Earth Science
UCeDUXdhH7nfRQ_VxrdZBTSg,http://www.youtube.com/channel/UCeDUXdhH7nfRQ_VxrdZBTSg,Arif Jebtik
UCeG7m5-AJ4I0H4EIleIty4Q,http://www.youtube.com/channel/UCeG7m5-AJ4I0H4EIleIty4Q,Prothom Alo
UCeXYbpOvVX4huMMttMxjXxQ,http://www.youtube.com/channel/UCeXYbpOvVX4huMMttMxjXxQ,Explore Nature Today
UCelfWQr9sXVMTvBzviPGlFw,http://www.youtube.com/channel/UCelfWQr9sXVMTvBzviPGlFw,AI LABS
UCesV6-hlaWx4E7L1ke55pgA,http://www.youtube.com/channel/UCesV6-hlaWx4E7L1ke55pgA,Shikder Shaheb - শিকদার সাহেব 
UCf6oZ5g1QglnpG0GpBrjxSQ,http://www.youtube.com/channel/UCf6oZ5g1QglnpG0GpBrjxSQ,Buddha's Wisdom
UCfYW5GXBXueSO5p9bxD45qg,http://www.youtube.com/channel/UCfYW5GXBXueSO5p9bxD45qg,BBC Global
UCfgtOvlU2JFmiVDtnpGCcIg,http://www.youtube.com/channel/UCfgtOvlU2JFmiVDtnpGCcIg,CPDBangladesh
UCftwRNsjfRo08xYE31tkiyw,http://www.youtube.com/channel/UCftwRNsjfRo08xYE31tkiyw,WIRED
UCfxcQjjV4Ha0tTjBtsSAm-A,http://www.youtube.com/channel/UCfxcQjjV4Ha0tTjBtsSAm-A,BookBuzz
UChHPR16Z32Jq5MShYLBa3hA,http://www.youtube.com/channel/UChHPR16Z32Jq5MShYLBa3hA,Saving Country Houses 
UChPD2BQ2dJ-w00klQQkc-Qg,http://www.youtube.com/channel/UChPD2BQ2dJ-w00klQQkc-Qg,BBC News বাংলা
UChqUTb7kYRX8-EiaN3XFrSQ,http://www.youtube.com/channel/UChqUTb7kYRX8-EiaN3XFrSQ,Reuters
UCiOTiJn83hp81Sw5ltLXQIg,http://www.youtube.com/channel/UCiOTiJn83hp81Sw5ltLXQIg,Zillur Rahman
UCiTL-XGXrJWrEfvd-M1981w,http://www.youtube.com/channel/UCiTL-XGXrJWrEfvd-M1981w,The Galposalpo
UCiaIajIJcIbzr0_9BoCcdOA,http://www.youtube.com/channel/UCiaIajIJcIbzr0_9BoCcdOA,Midnight Horror Station
UCijcd0GR0fkxCAZwkiuWqtQ,http://www.youtube.com/channel/UCijcd0GR0fkxCAZwkiuWqtQ,Free Documentary
UCiqQ6qBLK1hu6dk-XDz0bvQ,http://www.youtube.com/channel/UCiqQ6qBLK1hu6dk-XDz0bvQ,Radio Milan Audio Story
UCjHz5SVHeMT0AViCYZvsGDA,http://www.youtube.com/channel/UCjHz5SVHeMT0AViCYZvsGDA,NOVA PBS Official
UCk5SUJelMVsvP1J7CbkmVYg,http://www.youtube.com/channel/UCk5SUJelMVsvP1J7CbkmVYg,Panorama Documentary
UCknLrEdhRCp1aegoMqRaCZg,http://www.youtube.com/channel/UCknLrEdhRCp1aegoMqRaCZg,DW News
UCkvRE7QapbwT97rFj40u1Dw,http://www.youtube.com/channel/UCkvRE7QapbwT97rFj40u1Dw,Mir Afsar Ali
UClCVhdsvO4eBQKZ2ifkXbwQ,http://www.youtube.com/channel/UClCVhdsvO4eBQKZ2ifkXbwQ,Before Fire
UClZbmi9JzfnB2CEb0fG8iew,http://www.youtube.com/channel/UClZbmi9JzfnB2CEb0fG8iew,Primal Space
UClbD0HnXyg4SY-yljZZ9Hmg,http://www.youtube.com/channel/UClbD0HnXyg4SY-yljZZ9Hmg,Mohsin Ul Hakim
UCm1fqkJ-Tq64bQzM6VRMicQ,http://www.youtube.com/channel/UCm1fqkJ-Tq64bQzM6VRMicQ,New York Times Opinion
UCmGSJVG3mCRXVOP4yZrU1Dw,http://www.youtube.com/channel/UCmGSJVG3mCRXVOP4yZrU1Dw,Johnny Harris
UCmHoMHytDYOBrjbCRyypHmQ,http://www.youtube.com/channel/UCmHoMHytDYOBrjbCRyypHmQ,Search of Mystery
UCmmDulDfz2L8D0POCIdycyg,http://www.youtube.com/channel/UCmmDulDfz2L8D0POCIdycyg,Voice Bangla
UCmzj6hXrPZ_AwIZ8lgo-HuQ,http://www.youtube.com/channel/UCmzj6hXrPZ_AwIZ8lgo-HuQ,Mirchi Bangla
UCnM02drQP-dF7WMgtJHR4Xw,http://www.youtube.com/channel/UCnM02drQP-dF7WMgtJHR4Xw,Mr. Nightmare
UCn_fzwEdcExG0RCEmBJhWrQ,http://www.youtube.com/channel/UCn_fzwEdcExG0RCEmBJhWrQ,the POST
UCnwUjPK7dXety-AJ4fNw_RQ,http://www.youtube.com/channel/UCnwUjPK7dXety-AJ4fNw_RQ,The Paint Explainer
UCoOHTipX1_cNiC9seIPfUXA,http://www.youtube.com/channel/UCoOHTipX1_cNiC9seIPfUXA,Moconomy
UCokWkBp4KKAq4zBYnJuiyGQ,http://www.youtube.com/channel/UCokWkBp4KKAq4zBYnJuiyGQ,ChintaDhara (চিন্তাধারা)
UCokeVZg4VaSLVBDiziJsMDA,http://www.youtube.com/channel/UCokeVZg4VaSLVBDiziJsMDA,Behind Asia
UCotg1XiSmuJnFA6RXHKLW4w,http://www.youtube.com/channel/UCotg1XiSmuJnFA6RXHKLW4w,BigganPiC
UCowWMU_YnE1BL8ybLJXkh7g,http://www.youtube.com/channel/UCowWMU_YnE1BL8ybLJXkh7g,Mystery of History 
UCpExuV8qJMfCaSQNL1YG6bQ,http://www.youtube.com/channel/UCpExuV8qJMfCaSQNL1YG6bQ,Better Than Yesterday
UCpM4zrZ9c_apiEj6CApj2yw,http://www.youtube.com/channel/UCpM4zrZ9c_apiEj6CApj2yw,Found And Explained
UCpVm7bg6pXKo1Pr6k5kxG9A,http://www.youtube.com/channel/UCpVm7bg6pXKo1Pr6k5kxG9A,National Geographic
UCphTF9wHwhCt-BzIq-s4V-g,http://www.youtube.com/channel/UCphTF9wHwhCt-BzIq-s4V-g,What If
UCpxYSWgxVt3Pyn1ovXsGQ0g,http://www.youtube.com/channel/UCpxYSWgxVt3Pyn1ovXsGQ0g,PBS Terra
UCqnbDFdCpuN8CMEg0VuEBqA,http://www.youtube.com/channel/UCqnbDFdCpuN8CMEg0VuEBqA,The New York Times
UCqoAEDirJPjEUFcF2FklnBA,http://www.youtube.com/channel/UCqoAEDirJPjEUFcF2FklnBA,StarTalk
UCqxStVt2i2HnudzX2H_3VHg,http://www.youtube.com/channel/UCqxStVt2i2HnudzX2H_3VHg,Chaarcha
UCr0APbNMy3xqrjr_rYIPzWg,http://www.youtube.com/channel/UCr0APbNMy3xqrjr_rYIPzWg,Search of Mystery - English
UCr2TgqpOrU3kUTkVy5XoLow,http://www.youtube.com/channel/UCr2TgqpOrU3kUTkVy5XoLow,Canguro English
UCr6OFDl3MlgSH4aIZq-td3A,http://www.youtube.com/channel/UCr6OFDl3MlgSH4aIZq-td3A,Clock Tower
UCrNJsVmj-6ZMC-bwsjghbAw,http://www.youtube.com/channel/UCrNJsVmj-6ZMC-bwsjghbAw,News Geopolitics
UCrSxmV5pyUz9iwM9f05UIHQ,http://www.youtube.com/channel/UCrSxmV5pyUz9iwM9f05UIHQ,Sujit Debnath
UCrsru2MHVmfeZkLQ2sggpwg,http://www.youtube.com/channel/UCrsru2MHVmfeZkLQ2sggpwg,কানসূত্র - KaanSutra by 9F10 Entertainments
UCsN32BtMd0IoByjJRNF12cw,http://www.youtube.com/channel/UCsN32BtMd0IoByjJRNF12cw,60 Minutes
UCsT0YIqwnpJCM-mx7-gSA4Q,http://www.youtube.com/channel/UCsT0YIqwnpJCM-mx7-gSA4Q,TEDx Talks
UCsXVk37bltHxD1rDPwtNM8Q,http://www.youtube.com/channel/UCsXVk37bltHxD1rDPwtNM8Q,Kurzgesagt – In a Nutshell
UCsooa4yRKGN_zEE8iknghZA,http://www.youtube.com/channel/UCsooa4yRKGN_zEE8iknghZA,TED-Ed
UCswF-Mg6JuPBdHHzoK9ftDQ,http://www.youtube.com/channel/UCswF-Mg6JuPBdHHzoK9ftDQ,Big Think+
UCt3_YdHxU-Oiy4M4A5d16UA,http://www.youtube.com/channel/UCt3_YdHxU-Oiy4M4A5d16UA,Anirban Das
UCt6MDoxME4St2wT7C275k-g,http://www.youtube.com/channel/UCt6MDoxME4St2wT7C275k-g,Stellar Path
UCtI_ueaoLsjIHHHmqR0TEgw,http://www.youtube.com/channel/UCtI_ueaoLsjIHHHmqR0TEgw,Writing with Andrew
UCtJ2fLF2TihEN8P4A81-aYQ,http://www.youtube.com/channel/UCtJ2fLF2TihEN8P4A81-aYQ,THRILLER LAND
UCtYKe7-XbaDjpUwcU5x0bLg,http://www.youtube.com/channel/UCtYKe7-XbaDjpUwcU5x0bLg,neo
UCtYrlYGxldKoepbmtZH9cNA,http://www.youtube.com/channel/UCtYrlYGxldKoepbmtZH9cNA,keeping_a_lighthouse
UCte_iwe2WaPS2lgMKPvAy8g,http://www.youtube.com/channel/UCte_iwe2WaPS2lgMKPvAy8g,Tritiyo Matra
UCu0zPtSD2b1gIBftq1nyHWA,http://www.youtube.com/channel/UCu0zPtSD2b1gIBftq1nyHWA,Del H Khan
UCuCkxoKLYO_EQ2GeFtbM_bw,http://www.youtube.com/channel/UCuCkxoKLYO_EQ2GeFtbM_bw,Half as Interesting
UCue_84Xb1OzNfi_dNEGbC5g,http://www.youtube.com/channel/UCue_84Xb1OzNfi_dNEGbC5g,Stephan's History of the World
UCuyRsHZILrU7ZDIAbGASHdA,http://www.youtube.com/channel/UCuyRsHZILrU7ZDIAbGASHdA,ThePrint
UCvCYE-3TrY1GAe2l8K08N-w,http://www.youtube.com/channel/UCvCYE-3TrY1GAe2l8K08N-w,Digital Engine
UCvO95kedW5btmOvG0lERbFA,http://www.youtube.com/channel/UCvO95kedW5btmOvG0lERbFA,The Thinker
UCvQECJukTDE2i6aCoMnS-Vg,http://www.youtube.com/channel/UCvQECJukTDE2i6aCoMnS-Vg,Big Think
UCvXOLfVg_4H9aVHN1s9oiqA,http://www.youtube.com/channel/UCvXOLfVg_4H9aVHN1s9oiqA,LeadsNews
UCwIzJ_UWnn1Uc8d1H8nCuUA,http://www.youtube.com/channel/UCwIzJ_UWnn1Uc8d1H8nCuUA,Enayet Chowdhury
UCwOdAIxG5wVxLoVHCzeuMMA,http://www.youtube.com/channel/UCwOdAIxG5wVxLoVHCzeuMMA,Ahsan Aziz Sarkar
UCwiTOchWeKjrJZw7S1H__1g,http://www.youtube.com/channel/UCwiTOchWeKjrJZw7S1H__1g,Insider Food
UCwlShoq4rkBa4FfgZ2vtcAQ,http://www.youtube.com/channel/UCwlShoq4rkBa4FfgZ2vtcAQ,Somrat
UCwnKziETDbHJtx78nIkfYug,http://www.youtube.com/channel/UCwnKziETDbHJtx78nIkfYug,CaspianReport
UCxLeXUXDIrVNoO4AbU1P8fA,http://www.youtube.com/channel/UCxLeXUXDIrVNoO4AbU1P8fA,Prachin Path
UCxoz4YfS4M3H3C57FD4jW4Q,http://www.youtube.com/channel/UCxoz4YfS4M3H3C57FD4jW4Q,Science Time
UCy-3MUXkovGrm4kp43V78bQ,http://www.youtube.com/channel/UCy-3MUXkovGrm4kp43V78bQ,KODEN OBSCURE 
UCy0tKL1T7wFoYcxCe0xjN6Q,http://www.youtube.com/channel/UCy0tKL1T7wFoYcxCe0xjN6Q,Technology Connections
UCy8968jXzNOTO3opKlasFhQ,http://www.youtube.com/channel/UCy8968jXzNOTO3opKlasFhQ,Sunday Science
UCyssTe6npXvj38qCL-5TdAQ,http://www.youtube.com/channel/UCyssTe6npXvj38qCL-5TdAQ,221B Harrison Road
UCz8QaiQxApLq8sLNcszYyJw,http://www.youtube.com/channel/UCz8QaiQxApLq8sLNcszYyJw,Firstpost
UCz8kD6OLDUGgq7QqTN3nIyQ,http://www.youtube.com/channel/UCz8kD6OLDUGgq7QqTN3nIyQ,Alap - আলাপ
UCzCsyvyrq38R6TnztEzOmgg,http://www.youtube.com/channel/UCzCsyvyrq38R6TnztEzOmgg,ByteMonk
UCzR-rom72PHN9Zg7RML9EbA,http://www.youtube.com/channel/UCzR-rom72PHN9Zg7RML9EbA,PBS Eons
UCzWwWbbKHg4aodl0S35R6XA,http://www.youtube.com/channel/UCzWwWbbKHg4aodl0S35R6XA,Hoover Institution
UCzZ093TqE7l9mBfVUwT3Zyg,http://www.youtube.com/channel/UCzZ093TqE7l9mBfVUwT3Zyg,Ki Keno Kivabe
UCzu8OY8Yv-dvYHSh6jmyjEQ,http://www.youtube.com/channel/UCzu8OY8Yv-dvYHSh6jmyjEQ,GeoFact - বাংলা





